<?xml version="1.0" encoding="UTF-8"?>
<document filename="POD_0014.bmp">
	<formulaRegion prob="0.86">
		<Coords points="130,139 922,139 130,195 922,195"/>
	</formulaRegion>
	<formulaRegion prob="0.881">
		<Coords points="130,300 926,300 130,349 926,349"/>
	</formulaRegion>
	<tableRegion prob="1.0">
		<Coords points="92,442 968,442 92,851 968,851"/>
	</tableRegion>
</document>
<document filename="POD_0476.bmp">
	<figureRegion prob="0.92">
		<Coords points="305,451 817,451 305,843 817,843"/>
	</figureRegion>
	<tableRegion prob="0.998">
		<Coords points="424,968 697,968 424,1241 697,1241"/>
	</tableRegion>
	<tableRegion prob="0.79">
		<Coords points="185,146 936,146 185,405 936,405"/>
	</tableRegion>
</document>

<document filename="POD_0475.bmp">
    <!--empty means no page object is detected!-->
</document>
